label,value
SNIC,113.58627166
SN,-41.301419628
HB$^{-}$,-12.147500459
HB$^{+}$,89.829094984
HB$^{+}$,315.69641894
